Street,Base
1 AVE,2860
1 CT,30
1 PL,187
1 ST,2
10 AVE,5
10 ST,263
100 DR,4
100 ST,4
101 AVE,7
102 AVE,2
102 ST,2
103 AVE,9
103 DR,9
103 ST,89
104 AVE,10
105 AVE,2
105 ST,6
107 AVE,4
107 ST,28
108 AVE,4
108 DR,2
108 ST,4
109 AVE,6
109 DR,3
109 ST,10
11 AVE,37
11 ST,166
111 ST,6
112 AVE,1
112 PL,21
112 ST,2
113 AVE,4
113 DR,5
113 PL,26
113 ST,3
114 AVE,2
114 PL,10
114 ST,6
114 TER,15
115 AVE,2
115 DR,1
115 ST,2
115 TER,1
116 AVE,6
116 DR,4
116 ST,2
117 ST,19
118 ST,22
119 AVE,1
119 ST,13
12 AVE,27
12 ST,121
120 ST,3
121 ST,8
122 AVE,1
122 PL,11
122 ST,5
123 AVE,7
123 ST,10
124 AVE,2
124 PL,5
124 ST,3
125 ST,3
126 AVE,1
126 PL,7
127 PL,2
128 ST,1
13 AVE,73
13 ST,739
130 DR,8
130 PL,76
130 ST,15
131 ST,1
132 AVE,5
132 ST,1
133 AVE,18
133 DR,8
133 PL,32
133 ST,15
134 AVE,3
134 ST,1
135 AVE,2
135 DR,5
135 PL,89
135 ST,5
136 AVE,5
137 AVE,1
137 ST,49
138 AVE,6
138 PL,26
138 ST,4
139 ST,10
14 AVE,91
14 PL,33
14 ST,8
140 AVE,14
141 PL,2
142 PL,6
142 ST,1
143 AVE,4
143 PL,4
143 ST,3
144 AVE,3
144 DR,10
144 PL,13
144 ST,1
144 TER,7
145 DR,20
145 PL,8
145 ST,28
146 AVE,7
146 DR,1
146 PL,12
146 ST,5
146 TER,7
147 AVE,4
147 RD.,3
147 ST,13
148 AVE,1
148 PL,8
148 ST,4
149 AVE,16
149 DR,11
149 PL,3
149 ST,1
15 AVE,32
15 DR,9
15 ST,119
150 AVE,8
150 DR,2
150 PL,1
151 AVE,8
151 PL,10
151 ST,16
152 AVE,29
152 ST,16
153 AVE,4
153 CT,22
153 LN,27
153 PL,1
153 ST,5
154 PL,7
154 ST,2
155 AVE,1
155 ST,3
156 AVE,4
156 PL,1
156 ST,6
157 AVE,5
157 ST,1
158 AVE,2
158 ST,40
159 AVE,1
159 DR,1
159 ST,8
16 AVE,42
16 DR,2
16 ST,241
160 AVE,4
160 ST,1
161 AVE,5
161 PL,6
161 ST,2
162 AVE,11
162 ST,1
163 PL,3
163 ST,25
164 AVE,3
164 PL,8
165 AVE,4
165 ST,3
166 PL,24
166 ST,4
167 ST,10
168 PL,3
168 ST,2
169 PL,2
169 ST,5
17 AVE,31
17 ST,76
170 PL,1
170 ST,8
171 PL,29
171 ST,7
172 ST,5
173 ST,1
174 ST,10
175 PL,1
175 ST,6
176 ST,3
177 PL,7
177 ST,1
18 AVE,40
18 ST,257
181 PL,3
183 PL,1
184 PL,1
186 LN,11
186 ST,5
187 PL,3
187 ST,2
188 ST,1
19 AVE,18
19 DR,1120
19 LN,10
19 ST,201
190 LN,6
191 ST,1
195 LN,4
195 ST,4
196 PL,2
199 ST,1
2 AVE,238
2 DRIVE,112
2 PL,85
2 ST,151
20 AVE,236
20 LN,3
20 ST,395
201 PL,4
201 ST,3
205 PL,1
205 ST,1
206 ST,1
208 PL,4
21 AVE,1
21 DR,169
21 ST,46
210 PL,2
210 ST,1
211 PL,1
211 ST,1
212 PL,1
212 ST,1
213 ST,6
214 PL,8
214 ST,1
215 ST,1
216 ST,2
217 LN,3
217 ST,1
218 PL,5
218 ST,6
219 ST,1
22 AVE,3
22 DR,146
22 ST,510
220 PL,3
220 ST,1
221 ST,2
223 PL,10
223 ST,3
224 ST,1
225 ST,1
226 DR,1
226 ST,2
227 ST,9
228 ST,1
229 DR N,2
229 DR S,1
229 ST,3
23 AVE,5
23 DR,22
23 ST,1
23 TER,24
230 PL,2
230 ST,1
232 ST,4
233 ST,1
234 PL,2
234 ST,2
235 ST,1
236 ST,10
238 ST,3
24 AVE,3
24 DR,15
24 ST,117
240 ST,1
243 ST,2
246 CRES,2
246 ST,2
247 ST,1
249 ST,1
25 AVE,7
25 DR,7
25 ST,98
250 ST,1
252 ST,7
253 ST,29
254 ST,1
255 ST,4
257 ST,32
258 ST,4
259 ST,4
26 AVE,7
26 ST,33
260 ST,2
262 PL,131
262 ST,6
263 ST,5
265 ST,1
267 ST,1
269 ST,2
27 AVE,21
27 ST,32
270 ST,2
271 ST,240
28 AVE,2
28 ST,123
29 AVE,4
29 ST,45
3 AVE,138
3 PL,29
3 ST,172
30 AVE,227
30 DR,97
30 PL,13
30 ST,7
31 AVE,28
31 DR,204
31 PL,6
31 ST,1
32 AVE,1
32 PL,62
33 AVE,11
33 ST,43
34 AVE,1
34 ST,28
35 AVE,6
35 ST,198
36 AVE,1
36 ST,13
37 AVE,3
37 DR,1
37 ST,58
38 AVE,143
38 ST,1
39 AVE,224
39 DR,52
39 PL,103
39 ST,286
4 AVE,79
4 PL,42
4 ST,45
40 AVE,58
40 DR,8
40 ST,159
41 AVE,5
41 DR,5
41 ST,77
42 AVE,6
42 ST,255
43 AVE,27
43 ST,101
44 AVE,4
44 DR,175
44 ST,160
45 AVE,20
45 DR,5
45 ST,145
46 AVE,1
46 ST,22
47 AVE,5
47 ST,10
48 AVE,6
48 ST,92
49 AVE,1
49 PL,4
49 ST,18
5 AVE,7
5 ST,351
50 ST,289
51 AVE,21
51 DR,1
52 AVE,2
52 CT,2
52 DR,1
53 AVE,2
53 DR,6
53 PL,41
53 RD,4
53 ST,27
54 DR,13
54 ST,15
55 AVE,14
55 DR,28
55 ST,42
56 AVE,3
56 DR,123
56 PL,44
56 ST,43
56 TER,13
57 AVE,8
57 DR,14
57 PL,3
57 RD.,31
57 ST,46
58 AVE,20
58 DR,7
58 LN,19
58 PL,3
59 DR,4
59 ST,24
6 AVE,209
6 ST,517
60 AVE,7
60 CT,8
60 DR,8
60 LN,7
60 PL,5
60 ST,99
61 AVE,8
61 DR,1
61 ST,77
62 AVE,12
62 DR,20
62 ST,75
63 DR,11
63 PL,17
63 ST,66
64 AVE,8
64 CIR,6
64 LN,4
64 PL,13
64 ST,55
65 AVE,2
65 LN,1
65 PL,11
65 ST,113
66 AVE,2
66 DR,8
66 PL,2
66 ST,29
67 AVE,14
67 DR,3
67 PL,3
67 ST,32
68 AVE,68
68 DR,8
68 PL,4
69 AVE,6
69 DR,8
69 LN,13
69 PL,5
69 ST,12
7 AVE,79
7 ST,84
70 AVE,6
70 DR,7
70 ST,147
71 CRES,1
71 DR,10
71 PL,15
71 ST,61
72 AVE,17
72 CRES,10
72 CT,8
72 PL,13
72 ST,121
73 PL,2
73 ST,332
73 TER,5
74 PL,8
74 ST,40
75 AVE,3
75 PL,2
75 ST,9
76 AVE,6
76 DR,17
76 ST,12
77 AVE,17
77 CRES,5
77 PL,3
77 ST,58
78 AVE,24
78 DR,1
78 ST,6
79 AVE,3
79 LN,10
79 PL,5
79 ST,14
8 ST,264
80 AVE,4
80 DR,12
80 ST,5
81 AVE,15
81 ST,47
82 DR,11
82 PL,2
82 ST,20
83 AVE,2
83 DR,3
83 PL,9
83 ST,37
84 AVE,7
84 DR,4
84 PL,9
84 ST,35
85 DR,1
85 ST,74
86 AVE,10
86 CRESC,2
86 DR,6
86 ST,41
87 AVE,11
87 DR,11
87 RD3,1
87 TER,44
88 AVE,2
88 DR,2
88 LN,6
88 PL,7
88 ST,5
89 AVE,3
9 AVE,31
9 ST,129
90 AVE,7
90 PL,47
90 ST,1
91 AVE,2
91 DR,10
91 PL,5
92 AVE,19
92 ST,12
93 ST,1
94 PL,1
94 ST,6
95 AVE,4
95 PL,4
96 AVE,2
96 PL,1
97 AVE,1
97 PL,4
97 ST,7
98 AVE,3
98 PL,1
98 ST,1
99 AVE,1
99 PL,3
99 ST,18
ABBEY CT,1
ABERDEEN ST,2
ACADEMY PL,2
ACADEMY ST,10
ADAIR ST,6
ADAMS PL,9
ADAMS ST,37
ADELPHI ST,283
ADMIRAL AVE,15
ADRIAN AVE,2
AGATE CT,73
AGUILAR AVE,3
AINSLIE ST,129
AITKEN PL,231
ALAMEDA AVE,4
ALBANY AVE,8
ALBANY CRES,3
ALBANY ST,505
ALBEE SQ,147
ALBEMARLE RDE,41
ALBEMARLE TER,3
ALBION AVE,7
ALBRIGHT ST,1
ALCOTT PL,4
ALDRICH ST,2
ALDUS ST,5
ALEXANDER AVE,2
ALICE CT,48
ALLEN AVE,2
ALLEN ST,873
ALLENDALE ST,17
ALLERTON AVE,2
ALMEDA AVE,2
ALTON PL,1
AMBOY LN,5
AMBOY ST,20
AMERSFORT PL,34
AMHERST ST,8
AMITY ST,158
AMPERE AVE,1
AMSTERDAM AVE,7647
AMUNDSON AVE,1
ANDERSON AVE,2384
ANDREWS AVE,408
ANGELA DR,6
ANKENER AVE,4
ANNAPOLIS ST,1
ANTHONY AVE,6
ANTIN PL,6
APEX PL,37
APOLLO ST,15
APPLEGATE CT,2
AQUEDUCT AVE,8
ARCHER AVE,11
ARCHER ST,1
ARDEN AVE,1
ARDEN ST,2
ARDSLEY LOOP,25
ARION PL,36
ARKANSAS DR,1
ARLINGTON AVE,2
ARLINGTON TER,2
ARMAND PL,1
ARNOLD AVE,3
ARNOW PL,1
ARTHUR AVE,629
ARTHUR ST,1
ARVERNE BLVD,4
ASCAN AVE,5
ASCH LOOP,2
ASH ST,65
ASHBY AVE,1
ASHFORD ST,8
ASHLAND PL,142
ASKE ST,15
ASPEN PL,5
ASQUITH CRES,3
ASSER LEVY PL,535
ASTER CT,1
ASTOR AVE,4
ASTOR PL,1479
ASTOR PLZ,11299
ASTORIA BLVD,35
ASTORIA PARK S,20
ATLANTIC AVE,62
ATLANTIC COMMONS,355
ATTORNEY ST,1676
AUBREY AVE,1
AUBURN PL,9
AUBURNDALE LN,8
AUDLEY ST,3
AUDUBON AVE,68
AUGUSTA CT,2
AURELIA CT,56
AUSTELL PL,3
AUSTIN PL,1
AUSTIN ST,21
AUTUMN AVE,5
AVA PL,2
AVE AVE,227
AVE ST,34
AVERY AVE,1
AVON PL,1
AVON ST,1
BABBAGE ST,2
BAILEY AVE,1
BAILEY PL,519
BAINBRIDGE AVE,9
BAINBRIDGE ST,35
BAISLEY AVE,5
BAISLEY BLVD,3
BAKER AVE,1
BAKER PL,1
BALCOM AVE,1
BALDWIN ST,339
BALFOUR PL,7
BALTIC ST,342
BANCROFT PL,23
BANK ST,1131
BANKER ST,79
BANNER 3 TERR,6
BANNER AVE,2
BANYER PL,1
BARBEY ST,1
BARCLAY AVE,67
BARCLAY ST,825
BARDWELL AVE,10
BARKER AVE,4
BARKER ST,1
BARNES AVE,14
BARNETT AVE,72
BARNETT PL,5
BARNWELL AVE,2
BARRETTO ST,1
BARRON ST,1
BARROW ST,311
BARTHOLDI ST,2
BARTLETT ST,37
BARTON AVE,1
BARTOW AVE,1
BARUCH DR,41
BARUCH PL,42
BASCOM AVE,46
BASSETT AVE,12
BASSFORD AVE,3
BATCHELDER ST,11
BATH AVE,8
BATHGATE AVE,2
BATTERY AVE,25
BATTERY PL,1223
BAUGHMAN PL,15
BAXTER AVE,77
BAXTER ST,591
BAY 11 ST.,15
BAY 23 ST.,7
BAY 32 PL,1
BAY 8 ST.,18
BAY AVE,36
BAY CLUB DR,19
BAY PKWY,33
BAY RIDGE AVENUE,2
BAY RIDGE PKWY,45
BAY RIDGE PL,62
BAYPORT PL,1
BAYSIDE AVE,1
BAYSIDE LN,97
BAYSIDE ST,25
BAYVIEW TER,2
BCH 56 PLACE,1
BCH BREEZE PL,2
BEACH AVE,155
BEACH PL,15
BEACON PL,13
BEADEL ST,10
BEAK ST,9
BEARD ST,2
BEAUMONT AVE,5
BEAUMONT ST,3
BEAVER ST,42
BECK ST,1
BEDELL LN,5
BEDELL ST,4
BEDFORD AVE,33
BEDFORD PL,7
BEDFORD ST,1168
BEECH AVE,1
BEECH TER,8
BEEKMAN AVE,1
BEHAN CT,2
BELL BLVD,38
BELLAIRE PL,1
BELLAMY LOOP,4
BELMONT AVE,2
BELMONT PL,2
BELT PKWY,1
BELVIDERE ST,59
BEMENT CT,1
BENCHLEY PL,4
BENEDICT AVE,575
BENNETT AVE,520
BENNETT CT,73
BENNETT ST,37
BENSON AVE,13
BENSON PL,391
BENSON ST,3170
BENTON ST,1
BERGEN AVE,15
BERGEN CT,20
BERGEN PL,1
BERGEN ST,56
BERKELEY PL,432
BERRIAN BLVD,4
BERRIMAN ST,1
BERRY ST,1092
BERTHA PL,1
BETHEL LOOP,1
BETHUNE ST,2829
BETTY CT,1
BEVY CT,1
BIALYSTOKER PL,206
BIJOU AVE,2
BILLINGS PL,44
BILLINGS ST,85
BILLOP AVE,4
BILLS PL,7
BIRMINGTON PKWY,8
BIVONA ST,1
BLACKSTONE AVE,7
BLACKSTONE PL,1
BLAKE AVE,1
BLAKE CT,4
BLEECKER ST,35
BLISS TER,5
BLONDELL AVE,1
BLOSSOM AVE,2
BOARDWALK,46
BOERUM PL,353
BOERUM ST,34
BOGARDUS PL,17
BOGARDUS ST,12
BOGART AVE,3
BOGART ST,15
BOLLER AVE,1
BOLTON ST,19
BOND ST,13
BONNER PL,12
BOODY ST,24
BOONE AVE,2
BOOTH ST,30
BORDEN AVE,26
BORINQUEN PL,415
BOROUGH PL,48
BOSTON RD.,6
BOTANICAL SQ,59
BOUCK AVE,1
BOUCK CT,5
BOURTON ST,12
BOW ST,4
BOWDEN ST,1
BOWERY,358
BOWLING GREEN,593
BOWNE ST,8
BOX ST,46
BOYD AVE,2
BOYNTON AVE,5
BOYNTON PL,2
BRADFORD ST,2
BRADHURST AVE,191
BRADY AVE,1
BRAGG ST,3
BRANDT PL,1
BRANTON ST,7
BREVOORT PL,35
BREVOORT ST,18
BRIAR PL,1
BRIDGE ST,208
BRIDGETON ST,1
BRIDGEWATER ST,10
BRIGGS AVE,4
BRIGHTON 1,4
BRIGHTON 1 PL,16
BRIGHTON 2 PL,1
BRIGHTON 4,1
BRIGHTON 4 PL,1
BRIGHTON 4 TER,3
BRIGHTON 5,2
BRIGHTON 8 CT,2
BRIGHTON CT,4
BRIGHTWATER AVE,7
BRIGHTWATER CT,10
BRISTOL AVE,1
BRISTOL ST,18
BRISTOW ST,1
BRITTON AVE,1
BRITTON ST,7738
BROAD ST,14
BROADWAY,672
BROADWAY ALY,11000
BROADWAY TER,93
BRONX BLVD,4
BRONX PARK AVENUE,1
BRONX PARK E,6
BRONX PARK S,8
BRONX RIVER AVENUE,4
BRONXWOOD AVE,5
BROOK AVE,4397
BROOKLYN AVE,47
BROOKLYN BRIDGE PARK,290
BROOKSIDE ST,6
BROOKVILLE BLVD,1
BROOME ST,1398
BROWN PL,100
BROWN ST,29
BROWVALE LN,2
BRUNER AVE,4
BRUNSWICK AVE,4
BRYANT AVE,102
BRYANT PARK,13895
BRYANT ST,2
BUD PL,27
BUELL ST,5
BUFFALO AVE,44
BULLARD AVE,2
BUNNECKE CT,5
BURDEN CRES,4
BURDETTE PL,11
BURKE AVE,8
BURNETT PL,7
BURNETT ST,14
BURNS ST,9
BURR AVE,2
BURTON ST,3
BUSH ST,1418
BUSHWICK AVE,115
BUSHWICK PL,90
BUTLER PL,211
BUTLER ST,175
BYRD ST,6
BYRON AVE,2
CABRINI BLVD,26
CADMAN PLZ W,115
CAESAR PL,3
CALAMUS AVE,5
CALDER PL,236
CALDWELL AVE,4
CALLOWAY ST,12
CALYER ST,121
CAMBRELENG AVE,54
CAMBRIA ST,1
CAMBRIDGE AVE,431
CAMBRIDGE PL,215
CAMDEN AVE,52
CAMERON AVE,1
CAMERON PL,3
CAMP ST,2
CAMPUS PL,4
CANAL AVE,13
CANAL PL,88
CANAL ST,219
CANEY LN,3
CANNON PL,4
CAPSTAN CT,1
CARLISLE PL,4
CARLISLE ST,857
CARLTON AVE,7
CARLTON PL,4
CARLTON ST,7
CARMINE ST,1363
CAROLL ST,1
CARPENTER AVE,17
CARROLL ST,294
CASALS PL,1
CASE ST,1
CASLER PL,1
CASS PL,4
CASTLE HILL AVENUE,1
CATALPA AVE,15
CATHEDRAL PKWY,1652
CATHEDRAL PL,20
CATHERINE SLIP,108
CATON AVE,49
CATON PL,39
CEDAR AVE,6207
CEDAR LN,2
CEDAR ST,335
CELTIC AVE,53
CENTER BLVD,1128
CENTER DR,13
CENTRE MALL,2
CENTRE MARKET PL,1420
CENTRE ST,61
CENTREVILLE ST,19
CHAMBERS ST,1231
CHAPEL ST,57
CHAPIN PKWY,3
CHARLECOTE RDG,2
CHARLES CT,5
CHARLES LN,12
CHARLES ST,574
CHARLOTTE ST,167
CHARLTON ST,1764
CHASE CT,7
CHATHAM SQ,198
CHATTERTON AVE,1
CHAUNCEY ST,53
CHEEVER PL,91
CHENEY ST,3
CHERRY ST,1
CHESTER AVE,2
CHESTER CT,49
CHESTER ST,9
CHESTNUT ST,1
CHISHOLM ST,1
CHITTENDEN AVE,210
CHRISTOPHER AVE,4
CHRYSTIE ST,1434
CHURCH AVE,11
CHURCH LN,23
CHURCH ST,6
CICERO AVE,1
CINCINNATUS AVE,1
CLAFLIN AVE,2
CLAIRE CT,3
CLARA ST,7
CLARAN CT,11
CLAREMONT AVE,489
CLAREMONT PKWY,4
CLAREMONT TER,3
CLARK ST,157
CLARKE PL,1
CLARKSON AVE,16
CLARKSON ST,1118
CLASON POINT LN,2
CLASON POINT LN SOUT,3
CLASSON AVE,206
CLAUDE AVE,2
CLAVER PL,147
CLAY AVE,11
CLAY ST,61
CLEARVIEW EXPY,1
CLEMENTINE ST,1
CLERMONT AVE,52
CLIFFORD PL,10
CLIFTON PL,316
CLINTON AVE,84
CLINTON PL,23
CLINTON ST,60
CLINTON TER,1
CLINTONVILLE ST,1
CLOSE AVE,4
CLOVERDALE BLVD,4
CLYDE ST,3
CLYMER ST,25
CODDINGTON AVE,21
CODY AVE,31
COENTIES SLIP,431
COFFEY ST,95
COLBY CT,8
COLDEN ST,4
COLEMAN SQ,11
COLES ST,24
COLGATE AVE,2
COLIN PL,65
COLLEGE AVE,283
COLLEGE PL,164
COLLIER AVE,1
COLLIS PL,1
COLLISTER ST,504
COLONIAL AVE,2
COLUMBIA HTS,194
COLUMBIA PL,224
COLUMBIA ST,120
COLUMBUS AVE,8164
COLUMBUS CIR,12786
COLUMBUS PL,111
COMMERCE AVE,12
COMMERCIAL ST,75
COMMONWEALTH AVE,1
CONCORD AVE,9
CONCORD ST,1
CONDUIT BLVD,22
CONEY ISLAND AVE3,23
CONFUCIUS PLAZA,247
CONGRESS ST,147
CONKLIN AVE,6
CONOVER ST,96
CONSELYEA ST,140
CONTINENTAL AVE,4
CONVENT AVE,134
CONWAY ST,13
COOK AVE,7
COOK ST,22
COOKE CT,2
COOLIDGE AVE,17
COOMBS ST,4
COOPER AVE,4
COOPER PL,3
COOPER SQ,915
CORBIN CT,71
CORBIN PL,2
CORLEAR AVE,6
CORNELIA ST,53
CORNELL AVE,161
CORNELL LN,3
CORNELL PL,23
CORNISH AVE,5
CORONA AVE,65
CORPORAL KENNEDY ST.,7
CORSA AVE,3
CORTLANDT ALY,634
COSTER ST,5
COUCH PL,3
COURSEN CT,1
COURT SQ,216
COURT ST,31
COURTLANDT AVE,25
COVERT ST,12
COWLES CT,3
COYLE ST,6
COZINE AVE,2
CRAFT AVE,13
CRANBERRY ST,83
CRANDALL AVE,1
CRANFORD AVE,9775
CRANSTON ST,23
CRAWFORD AVE,4
CREAMER ST,8
CRESCENT AVE,3921
CRESCENT ST,5
CRESSKILL PL,2
CRESTON AVE,9
CRIMMINS AVE,21
CROAK AVE,1
CROCHERON AVE,11
CROES PL,2
CROOKE AVE,38
CROPSEY AVE,12
CROSBY ST,5043
CROSS ISLAND PKWY,3
CROTON AVE,1
CROTON LOOP,9
CROTONA PARK N,2
CROTONA PARK S,3
CROTONA PL,4
CROWN ST,26
CRUGER AVE,9
CRYDERS LN,4
CRYSTAL ST,2
CUBBERLY PL,1
CULLMAN AVE,2
CULLODEN PL,8
CUMBERLAND,4
CUMBERLAND ST,288
CUMMING ST,28
CURTIS ST,6014
CYPRESS AVE,81
CYPRESS CT,1
CYRUS PL,36
DAHILL RD.,7
DAHL CT,14
DAHLGREN PL,3
DAHLIA AVE,1
DALY AVE,2
DANA CT,5
DANE PL,6
DANIELS ST,1
DANK CT,1
DARK ST,1
DARREN DR,1
DARTMOUTH ST,1
DASH PL,17
DAVENPORT CT,3
DAVIDSON AVE,4
DAVIS ST,45
DAWSON ST,2402
DE REIMER AVENUE,1
DE SALES PL,2
DEAN AVE,3
DEAN ST,10
DEBEVOISE AVE,118
DEBEVOISE ST,84
DEBS PL,5
DECATUR AVE,1
DECATUR ST,62
DEEPDALE PL,1
DEFOE ST,2
DEGRAW ST,98
DEKALB AVE,81
DEKOVEN CT,7
DELAFIELD AVE,762
DELANCEY PL,3
DELANCEY ST,538
DELANOY AVE,2
DELAVAN ST,12
DELAWARE AVE,21
DELMAR LOOP,12
DELMONICO PL,13
DELONG ST,2
DENMAN ST,2
DENNETT PL,193
DEPPE PL,1
DESBROSSES ST,1353
DESMOND CT,8
DEVOE AVE,7
DEVOE ST,275
DEVOE TER,2
DEWEY PL,53
DEXTER CT,5
DEY ST,347
DIAMOND ST,80
DIGBY PL,14
DIGNEY AVE,3
DIKEMAN ST,34
DILL PL,1
DINSMORE PL,2
DITMARS BLVD,33
DITMAS AVE,13
DIVISION AVE,538
DIVISION PL,20
DIVISION ST,383
DOBBIN ST,56
DODWORTH ST,62
DOMINICK ST,471
DONCASTER PL,4
DONGAN AVE,201
DONGAN PL,7
DOOLEY ST,6
DOONE CT,5
DORAN AVE,6
DORIS ST,1
DORMANS CT,6
DOROTHEA PL,1
DORSET ST,10
DOSCHER ST,9
DOUGHTY ST,94
DOUGLAS AVE,112
DOUGLASS ST,440
DOUGLASTON PKWY,1
DOVER ST,9
DOWNING ST,235
DOXSEY PL,1
DOYERS ST,85
DREW ST,3
DRIGGS AVE,673
DUANE ST,1056
DUDLEY AVE,113
DUFFIELD ST,135
DUNBAR ST,4
DUNCAN ST,284
DUNCOMB AVE,2
DUNHAM PL,692
DUNKIRK DR,1
DUNKIRK ST,2
DUNNE CT,1
DUNTON ST,3
DUPONT ST,88
DURLAND PL,5
DURYEA CT,20
DURYEA PL,9
DUTCH ST,1710
DWIGHT PL,1
DWIGHT ST,23
DYCKMAN ST,6
EAGLE AVE,6
EAGLE ST,84
EAMES PL,1
EAST AVE,5
EAST DR,11
EAST RDST,1
EASTERN PKWY,24
EASTGATE PLZ,1
ECHO PL,246
ECKFORD AVE,1
ECKFORD ST,336
EDDY ST,1
EDGECOMBE AVE,197
EDGEHILL AVE,22
EDGEWATER PARK,1
EDGEWOOD AVE,1
EDGEWOOD ST,3
EDISON AVE,1
EDSALL AVE,63
EDWARD L GRANT HWY,3
EDWARD M MORGAN PL,153
EDWARDS AVE,2
EFFINGHAM AVE,2
EFFINGTON AVE,1
EGAN ST,9
EGMONT PL,1
EINSTEIN LOOP NORTH,2
ELBERTSON ST,1
ELDERT LN,12
ELDERT ST,83
ELDRIDGE ST,320
ELGAR PL,3
ELIOT AVE,8
ELIZABETH AVE,8
ELK DR,1
ELK ST,9
ELKMONT AVE,10
ELLERY ST,25
ELLICOTT PL,1
ELLIS AVE,2
ELLISON AVE,3
ELLSWORTH AVE,30
ELLWOOD ST,5
ELMHURST AVE,3
ELMIRA AVE,2
ELSMERE PL,4
ELTON AVE,5
ELTON ST,8
ELWOOD AVE,1
ELY AVE,4
EMERALD ST,16
EMERSON AVE,143
EMERSON DR,1
EMERSON PL,84
EMMONS AVE,4
EMPIRE AVE,1
EMPIRE BLVD,17
ENFIELD PL,10
ENGERT AVE,262
ENGERT ST,2
ERASMUS ST,1
ERICSON PL,3
ERICSSON PL,1549
ERICSSON ST,656
ERRINGTON PL,1
ESSEX ST,15
ESTATES LN,6
ETNA ST,2
EUCLID AVE,2
EVERGREEN AVE,66
EVERIT ST,290
EVERITT PL,2
EVERTON ST,6
EXCHANGE PL,166
EXCHANGE PLZ,676
EXETER ST,26
EXTERIOR ST,42
EXTRA PL,2302
FAILE ST,6
FAIRCHILD AVE,3
FAIRFIELD AVE,38
FAIRFIELD PL,7
FAIRVIEW AVE,250
FAIRVIEW PL,13
FAIRWAY LN,3
FALCON AVE,21
FALMOUTH ST,2
FANCHON PL,7
FARADAY AVE,1
FARMERS BLVD,4
FARRAGUT RD.,27
FARRINGTON ST,2
FAYETTE ST,54
FEATHERBED LN,7
FEDERAL PL,4898
FEDERAL PLZ,288
FENIMORE ST,103
FERNDALE AVE,13
FERRIS ST,27
FIEDLER AVE,1
FIELD PL,5
FIELDING ST,5
FIELDSTON TER,197
FILLMORE AVE,25
FILLMORE PL,152
FINDLAY AVE,6
FIRWOOD PL,2
FISH AVE,1
FISKE PL,198
FLATBUSH AVE,4
FLATLANDS AVE,58
FLEET,30
FLEET PL,62
FLETCHER PL,1
FLINT AVE,13
FLOWER AVE,1
FLUSHING AVE,63
FOAM PL,1
FOCH BLVD,5
FOLSOM PL,11
FONDA AVE,1
FOOD CENTER DR,2
FOOTHILL AVE,2
FORBELL ST,4
FORD ST,3
FORDHAM HILL OVAL,8
FORDHAM PL,4
FORDHAM ST,1
FOREST PARK DR,9
FOREST PKWY,22
FOREST PL,69
FORLEY ST,6
FORREST ST,25
FORSYTH ST,292
FORT PL,1
FOSTER AVE,43
FOUNTAIN AVE,26
FOWLER AVE,3
FOX ST,1
FRAME PL,1
FRANCIS LEWIS BLVD.(,2
FRANK CT,7
FRANKFORT ST,173
FRANKLIN AVE,3
FRANKLIN ST,8
FRANKTON ST,14
FREEDOM PL,1055
FREEMAN ST,1
FREEPORT LOOP,17
FREMONT AVE,1
FRESH MEADOW LN,2
FRIEL PL,36
FRONT ST,1
FROST ST,138
FT HAMILTON PKWY,27
FTELEY AVE,1
FULLER PL,357
FULLER ST,1
FULTON AVE,2
FULTON ST,102
FURMAN AVE,9
FURMANVILLE AVE,4
GABRIEL DR,2
GALE AVE,31
GALE PL,8
GALLATIN PL,49
GANSEVOORT ST,14429
GARDEN PL,18
GARDEN ST,157
GARDNER AVE,23
GARFIELD AVE,2
GARFIELD PL,193
GARFIELD ST,1
GARLAND DR,8
GARNET ST,104
GARRISON AVE,8667
GATES AVE,29
GATES PL,16
GATEWAY DR,14
GATLING PL,17
GAY ST,1200
GELSTON AVE,5
GEM ST,170
GENEVA LOOP,9
GEORGE ST,8
GEORGIA AVE,2
GERALD CT,2
GERANIUM AVE,2
GERARD AVE,189
GERARD PL,62
GERBER PL,6
GERRITSEN AVE,3
GERRY ST,37
GETTYSBURG ST,1
GIEGERICH PL,10
GIFFORD AVE,1
GILBERT PL,63
GILLMORE ST,44
GILMORE CT,1
GIPSON ST,7
GLADWIN AVE,1
GLASSBORO AVE,3
GLEANE ST,10
GLEBE AVE,1
GLEN ST,14
GLENDALE CT,98
GLENMORE AVE,2
GLENWOOD ST,80
GLOVER ST,49
GOBLE PL,7
GODWIN TER,9
GOETHALS AVE,18
GOLD ST,1253
GOLDINGTON CT,12
GOLDSMITH ST,2
GOODRIDGE AVE,12
GOODWIN PL,87
GORSLINE ST,1
GOTHIC DR,1
GOULDEN AVE,2
GOUVERNEUR AVE,41
GOUVERNEUR PL,9
GOUVERNEUR ST,485
GRACE AVE,1
GRACE CT,230
GRACIE SQ,860
GRACIE TER,2153
GRAFF AVE,2
GRAFTON ST,5
GRAHAM AVE,54
GRAHAM CT,22
GRAHAM PL,1
GRAHAM ST,1
GRAMERCY PARK,66
GRAMERCY PARK E,1361
GRAMERCY PARK N,1650
GRAMERCY PARK S,1106
GRAMERCY PARK W,4048
GRAND ARMY PLAZA,184
GRAND ARMY PLZ,20353
GRAND AVE,60
GRAND CENTRAL PKWY,5
GRAND CONC,3
GRAND ST,661
GRANDVIEW PL,5
GRANITE ST,9
GRANT AVE,13
GRASSMERE TER,2
GRATTAN ST,98
GREEN ST,271
GREENE AVE,52
GREENE ST,1562
GREENPOINT AVE,54
GREENWAY TER,2
GREENWICH AVE,3469
GREENWICH MEWS,1673
GREENWICH ST,751
GREGG PL,1
GRENFELL ST,1
GRETA PL,4
GREYSTONE AVE,109
GRINNELL PL,1
GROSVENOR AVE,12
GROSVENOR LN,16
GROSVENOR RD.,5
GROSVENOR ST,11
GROTE ST,18
GROVE CT,241
GROVE ST,48
GUERLAIN ST,3
GUERNSEY ST,76
GUIDER AVE,3
GUION PL,2
GULL CT,2
GUNTHER PL,7
GUSTAVE L LEVY PL,1562
GUY R BREWER BLVD.,3
HADDON ST,1
HADLEY AVE,5
HAIGHT AVE,4
HAIGHT ST,8
HALE AVE,9
HALL OF FAME TER,2
HALL PL,9
HALL ST,22
HALSEY ST,32
HAMILTON,19
HAMILTON PL,501
HAMILTON TER,342
HAMPDEN PL,4
HAMPTON AVE,2
HAMPTON ST,4
HANCOCK PL,49
HANCOCK ST,79
HANFORD ST,3
HANNAH ST,1
HANNIBAL ST,1
HANOVER PL,175
HANOVER SQ,879
HANOVER ST,1556
HANSON PL,376
HARBOR VIEW TER,3
HARBOUR CT,2
HARDEN ST,16
HARING ST,1
HARLEM RIVER DR,11
HARMAN ST,14
HARPER ST,2
HARRINGTON AVE,1
HARRIS STREET,26
HARRISON ALY,7
HARRISON AVE,9530
HARRISON PL,26
HARROW ST,4
HART ST,295
HARTLAND AVE,1
HARWAY AVE,22
HASKIN ST,2
HASPEL ST,6
HASSOCK ST,3
HASTINGS ST,9
HATTIE JONES PL,31
HAUSMAN ST,63
HAVEMEYER AVE,1
HAVEMEYER ST,514
HAVEN PLAZA,1240
HAVENS PL,7
HAWKSTONE ST,6
HAWTHORNE ST,56
HAZEN ST,22
HEATH AVE,16
HEGEMAN AVE,8
HEGNEY PL,25
HELL GATE CIRCGE,12
HEMLOCK ST,24
HEMPSTEAD AVE,12
HENDERSON AVE,72
HENDRICKSON PL,7
HENDRICKSON ST,17
HENRY HUDSON PKWY W,36
HENRY ST,108
HENSHAW ST,28
HENWOOD PL,8
HERALD SQUARE,3882
HERBERT ST,271
HERKIMER CT,14
HERKIMER PL,148
HERKIMER ST,15
HERZL ST,9
HESTER ST,493
HEWES ST,4
HEWITT PL,2
HEWLETT ST,80
HEYWARD ST,3
HIAWATHA AVE,1
HICKS DR,70
HICKS ST,3
HIGGINS ST,6
HIGHLAND AVE,8
HIGHLAND PL,23
HIGHLAWN AVE,28
HILL ST,73
HILLEL PL,43
HILLMAN AVE,5
HILLSIDE AVE,6
HIMROD ST,36
HINCKLEY PL,20
HINSDALE ST,14
HOBART AVE,2
HOBART ST,89
HOE AVE,9
HOFFMAN DR,42
HOFFMAN ST,90
HOGAN PL,155
HOLLAND AVE,80
HOLLIS AVE,5
HOLLIS HILLS TER,1
HOLLY AVE,84
HOLLY PL,76
HOLT PL,1
HOME AVE,5
HOMECREST AVE,22
HOMECREST CT,28
HOMELAWN ST,2
HOMER AVE,1
HONE AVE,2
HOOPER ST,47
HOPE AVE,2
HOPE ST,128
HOPKINS ST,34
HOPPING AVE,5
HORACE CT,1
HORACE HARDING EXPY,6
HORATIO PKWY,5
HORATIO ST,550
HORNADAY PL,5
HORNELL LOOP,8
HORTON ST,6
HOSMER AVE,1
HOWARD AVE,34
HOWARD PL,9
HOWARD ST,2920
HOXIE DR,2
HOYT ST,49
HUBBARD PL,11
HUBBARD ST,4
HUBERT ST,1251
HUDSON AVE,171
HUDSON MANOR TER,15
HUDSON SQUARE,1451
HUDSON ST,148
HUGH J GRANT CIR,7
HUGHES AVE,16
HULL AVE,25
HULL ST,24
HUMBOLDT ST,128
HUNT AVE,1
HUNTER ST,145
HUNTERFLY PL,2
HUNTINGTON ST,25
HUNTS LN,183
HURON ST,192
HUSSON AVE,1
HUTCHINSON CT,22
HUXLEY AVE,2
HYATT ST,1
HYGEIA PL,1
I ST,3
IMLAY ST,39
INDEPENDENCE AVE,401
INDIA ST,114
INDIANA AVE,1
INDUSTRIAL LOOP,30
INGRAHAM ST,48
INGRAM ST,1
INWOOD AVE,2
INWOOD ST,3
IRVINE ST,13
IRVING AVE,43
IRVING PL,95
IRVINGTON PL,31
IRWIN AVE,18
IRWIN PL,3
IRWIN ST,1
ISELIN AVE,6
ISHAM ST,25
ITHACA ST,3
JACKIE ROBINSON PKWY,3
JACKSON AVE,62
JACKSON CT,14
JACKSON PL,46
JACKSON ST,48
JACOBUS PL,12
JAMAICA AVE,31
JAMES CT,2
JAMES ST,80
JANE ST,1427
JANET PL,34
JARDINE AVE,1
JARDINE PL,4
JARRETT PL,8
JARVIS AVE,5
JARVIS CT,10
JASMINE AVE,5
JAVA ST,112
JAY AVE,1
JAY ST,65
JEFFERSON AVE,158
JEFFERSON PL,3
JEFFERSON ST,261
JENNINGS ST,4
JERICHO TPKE,3
JEROME AVE,37
JEROME ST,3
JESUP AVE,6
JEWEL AVE,5
JEWEL ST,81
JEWELL MCKOY LN,14
JFK AIRPORT,14688
JODIE CT,19
JOHN F KENNEDY CIR,1
JOHNSON AVE,3566
JORALEMON ST,68
JORDAN ST,13
JOVAL CT,1
JUDGE ST,21
JULIANA PL,1
JUMEL PL,270
JUMEL TER,19
JUNCTION BLVD,3
JUNIPER AVE,4
JUNIUS ST,8
JUNO ST,3
JUSTICE AVE,3
KANE PL,13
KANE ST,186
KAPPOCK ST,13
KARWEG PL,2
KATHLEEN PL,6
KATONAH AVE,5
KAUFMAN PL,13
KAY CT,6
KEAP ST,43
KEARNEY AVE,9
KEARNEY ST,12
KELLY ST,4
KENDRICK PL,1
KENILWORTH DR,1
KENILWORTH PL,39
KENMARE ST,3018
KENMORE CT,11
KENMORE TER,4
KENT AVE,17
KENT ST,1
KEPLER AVE,3
KERMIT PL,43
KESSEL ST,6
KETCH CT,2
KETCHAM ST,2
KEW FOREST LN,6
KILROE ST,3
KIMBERLY PL,5
KINGS HWY,44
KINGS PL,20
KINGS PLZ,32
KINGSBOROUGH 2ND,19
KINGSBOROUGH 4TH,4
KINGSBRIDGE AVE,685
KINGSBRIDGE TER,2
KINGSBURY AVE,12
KINGSTON AVE,52
KINGSTON PL,8
KINGSWAY PL,9
KINSELLA ST,1
KIRBY CT,1
KIRBY ST,15
KISSENA BLVD,4
KNAPP ST,26
KNEELAND ST,4
KNICKERBOCKER AVE,27
KNOLLS CRES,11
KNOX PL,1
KOSCIUSZKO ST,53
KOSSUTH AVE,11
KOSSUTH PL,37
KRIER PL,2
LA GUARDIA PL,1415
LACOMBE AVE,1
LACONIA AVE,28
LAFAYETTE,14
LAFAYETTE AVE,5
LAFAYETTE ST,21
LAFONTAINE AVE,6
LAIGHT ST,328
LAKE PL,21
LAKE ST,2
LAKEVIEW LN,4
LAKEVIEW PL,71
LAKEWOOD PL,6
LAMA CT,2
LAMONT CT,7
LAMPORT PL,4
LANCASTER AVE,15
LANDER ST,17
LANGDALE ST,785
LANGSTON AVE,3
LANSING AVE,2
LARUE AVE,1
LATHAM LN,5
LAUREL HILL TER,42
LAURELTON PKWY,10
LAURIE AVE,1
LAWN CT,1
LAWRENCE ST,46
LAWTON AVE,1
LAWTON ST,88
LAX AVE,4
LAYTON AVE,301
LAYTON ST,14
LEAVITT ST,10
LEBANON ST,2
LEE ST,4
LEFFERTS AVE,40
LEFFERTS BLVD,21
LEFFERTS PL,157
LEGION ST,4
LELAND AVE,2
LENOX AVE,811
LENOX RD.,24
LEONARD ST,1335
LEVERICH ST,91
LEWIS AVE,75
LEWIS PL,18
LEWIS ST,202
LEWISTON AVE,2
LIBBY PL,1
LIBERTY AVE,5
LIBERTY PL,1152
LIBERTY ST,825
LIEBIG AVE,55
LILLIAN WALD DR,109
LINCOLN AVE,4
LINCOLN PL,78
LINCOLN RD+,88
LINCOLN ST,92
LINCOLN TERRACE,12
LINDEN PL,3
LINDEN ST,29
LINNEAUS PL,1
LINWOOD ST,2
LISPENARD ST,2095
LITTLE NECK PKWY,2
LITTLE ST,16
LIVERPOOL ST,2
LIVINGSTON ST,467
LIVONIA AVE,7
LLOYD CT,32
LLOYD ST,9
LOCKE ST,1
LOCUST ST,82
LODOVICK AVE,2
LOGAN ST,10
LOIS AVE,1
LOMBARDY ST,10
LONG ST,1
LONGFELLOW AVE,1
LONGWOOD AVE,1
LOOMIS ST,27
LORILLARD PL,6
LORIMER ST,591
LORING PL,6
LORING PL N,2
LORRAINE ST,11
LOTT AVE,46
LOTT PL,1
LOTT ST,8
LOUBET ST,2
LOUIS PL,12
LOUISA ST,4
LOUISE TER,10
LOUISIANA AVE,24
LOVE LN,130
LOVINGHAM PL,5
LOWE CT,30
LOWELL ST,1845
LOWERRE PL,6
LUCAS ST,5
LUDLAM PL,6
LUDLUM AVE,5
LUKE PL,4
LUQUER ST,49
LURTING AVE,1
LYMAN AVE,2
LYMAN PL,1037
LYNCH ST,120
MAC DOUGAL ALY,1046
MACDONOUGH PL,1
MACKAY PL,8
MACNISH ST,3
MACOMBS PL,115
MACON ST,91
MACY PL,5
MADELINE CT,12
MADISON AVE,701
MADISON PL,12
MADISON ST,84
MADOC AVE,2
MAGNOLIA AVE,1
MAHAN AVE,3
MAIN AVE,16
MAIN ST,152
MAITLAND AVE,1
MAJOR AVE,1
MALBA DR,5
MALBONE ST,54
MALTA ST,20
MANHATTAN AVE,230
MANHATTAN CT,1
MANIDA ST,1
MANOR AVE,3
MANSION ST,3
MANTON ST,11
MAPES AVE,2
MAPLE AVE,8
MAPLE PKWY,1
MAPLE ST,3
MAPLETON AVE,1
MARAN PL,4
MARBLE HILL AVENUE,15
MARCONI PL,3
MARCY AVE,54
MARCY PL,5
MARGARET CORBIN DR,18
MARGARET PL,2
MARGINAL ST,18
MARINE AVE,34
MARINE PKWY,22
MARION AVE,3
MARION ST,7
MARKET ST,1
MARKETFIELD ST,475
MARNE PL,6
MARSDEN ST,2
MARSHALL STREET,2
MARTENSE AVE,3
MARTENSE CT,36
MARTENSE ST,23
MARTHA AVE,12
MARVIN PL,1
MARYLAND LN,1
MATILDA AVE,1
MATTHEWS AVE,1
MATTHEWS CT,46
MATTHEWS PLACE,2
MAUJER ST,94
MAURICE AVE,21
MAYFAIR DR,4
MAYFAIR DR S,2
MAYFLOWER AVE,1
MAYVILLE ST,1
MAZEAU ST,9
MC KEEVER PL,23
MCBRIDE ST,3
MCCLANCY PL,24
MCCLELLAN ST,18
MCDONALD AVE,12
MCDONALD ST,7
MCGRAW AVE,4
MCGUINNESS BLVD,91
MCINTOSH ST,1
MEADOW DR,3
MEADOW ST,71
MEEHAN AVE,9
MEEKER AVE,134
MELBOURNE AVE,6
MELROSE AVE,9587
MELROSE ST,98
MELVILLE ST,1
MELVINA PL,4
MELYN PL,1
MEMORIAL CIR,1
MEMPHIS AVE,10
MENAHAN ST,17
MENDELSOHN ST,1
MERCER ST,3236
MEREDITH AVE,2
MERMAID AVE,7
MERRIAM AVE,3
MERRICK AVE,1
MERRILL ST,1
MESEROLE AVE,105
MESEROLE ST,131
METCALF AVE,3
METROPOLITAN AVE,11
METROPOLITAN OVAL,8
METROTECH CENTER,118
MEXICO ST,1
MEYER AVE,4
MEYERS ST,4
MIAMI CT,3
MICIELI PL,14
MIDDAGH ST,44
MIDDLETOWN RD3,1
MIDWOOD ST,21
MILBURN ST,3
MILES AVE,19
MILFORD ST,1
MILL AVE,7
MILL LN,46
MILL ST,17
MILLER AVE,2
MILLER PL,1
MILTON ST,78
MINERVA PL,15
MINETTA LN,1010
MINETTA ST,809
MINFORD PL,1
MINNA ST,7
MINNIEFORD AVE,2
MINTHORNE ST,1
MIRIAM ST,8
MOFFAT ST,18
MONACO PL,10
MONITOR ST,72
MONROE AVE,10227
MONROE ST,147
MONSIGNOR HALPIN PL,7
MONTAGUE ST,166
MONTAGUE TER,106
MONTANA PL,1
MONTAUK AVE,5
MONTEREY ST,2
MONTGOMERY AVE,7928
MONTGOMERY PL,51
MONTGOMERY ST,20
MONTIETH ST,34
MONTROSE AVE,282
MONUMENT,9
MOORE ST,103
MORENCI LN,1
MORGAN ST,6
MORNINGSIDE AVE,453
MORNINGSIDE DR,690
MORRISON AVE,3268
MOSCO ST,234
MOSHOLU AVE,6
MOTT AVE,1
MOTT ST,1273
MOULTRIE ST,51
MOWBRAY DR,20
MSGR CAHILL PL,5
MT EDEN PKWY,1
MT HOPE PL,6
MT MORRIS PARK WEST,685
MT OLIVET CRESCENT,1
MULBERRY ST,635
MULFORD AVE,7
MULINER AVE,1
MULLAN PL,1
MULVEY AVE,2
MUNDY LN,124
MURDOCK AVE,1
MURDOCK CT,6
MURIEL CT,2
MURRAY LN,16
MURRAY ST,3
MUSKET ST,1
MYRTLE AVE,80
NAGLE AVE,18
NAPIER AVE,1
NAPLES TER,6
NARRAGANSETT AVE,1
NARROWS AVE,6
NASBY PL,6
NASHVILLE BLVD,2
NASSAU AVE,142
NASSAU BLVD,19
NATHAN D PERLMAN PL,3488
NATIONAL DR,11
NAUTILUS AVE,4
NAUTILUS ST,2
NAVY,38
NAVY ST,56
NEEDHAM AVE,1
NEILL AVE,5
NELSON AVE,836
NELSON ST,60
NEPTUNE AVE,73
NEPTUNE PL,1
NEREID AVE,1
NERO AVE,2
NETHERLAND AVE,1142
NEVINS ST,293
NEW JERSEY AVE.,2
NEW LOTS AVE.,12
NEW ST,3
NEW UTRECHT AVENUE,12
NEW YORK AVE.,39
NEW YORK PLAZA,489
NEWEL ST,61
NEWHALL AVE,4
NEWKIRK AVE,53
NEWMAN AVE,15
NEWPORT AVE,2
NEWPORT ST,1
NEWTOWN AVE,183
NICHOLS AVE,2
NIXON CT,3
NOBLE AVE,2
NOBLE ST,86
NOELL AVE,1
NOLL ST,21
NORFOLK ST,21
NORMAN AVE,47
NORMAN ST,10
NORTH DR,98
NORTH ST,7002
NORTHSIDE PIERS,1189
NORTON AVE,63
NORWOOD AVE,35
NOSTRAND AVE,4
NURGE AVE,69
OAK AVE,48
OAK DR,43
OAK LN,33
OAK PARK DR,3
OAK POINT AVENUE,6
OAK ST,3
OAK TREE PL,1
OAKLAND PL,103
OCEAN AVE,34
OCEAN CT,4
OCEAN DRIVE,4
OCEAN PKWY,32
OCEAN PROM,2
OCEAN VIEW AVENUE,21
OCEANIA ST,4
OCEANVIEW AVE,12
ODELL ST,4
OGDEN AVE,10
OLCOTT ST,5
OLD BROADWAY,134
OLEAN ST,16
OLINVILLE AVE,2
OLIVE ST,151
OLIVER PL,36
ONDERDONK AVE,50
ONEIDA AVE,815
ONSLOW PL,5
ORANGE ST,83
ORCHARD ST,974
ORIENT AVE,69
ORIENTAL BLVD,1
ORLOFF AVE,7
OSBORNE PL,2
OSGOOD ST,2
OSMAN PL,1
OTIS AVE,671
OTSEGO ST,219
OVERBAUGH PL,13
OVERING ST,1
OVERLOOK TER,367
OVID PL,2
OVINGTON AVE,34
OVINGTON CT,2
OWLS HEAD CT,24
OXFORD AVE,35
OXFORD ST,4
PACIFIC ST,67
PAIDGE AVE,11
PAINE ST,2
PALADINO AVE,106
PALISADE AVE,41
PALISADE PL,1
PALMER AVE,3395
PALMETTO ST,23
PAMELA LN,1
PARADE PL,31
PARK AVE,436
PARK CIR,1
PARK DR,736
PARK DR E,3
PARK END PL,48
PARK END TERRACE,1
PARK LN S,14
PARK PL,53
PARK ROW,35
PARK TER EAST,42
PARKER ST,40
PARKSIDE AVE,61
PARKSIDE CT,24
PARKSIDE PL,2
PARKVIEW AVE,2
PARKVIEW TER,4
PARKVILLE AVE,50
PARKWAY CT,2
PARROTT PL,65
PARSONS BLVD,2
PATCHEN AVE,43
PATTERSON AVE,121
PAUL AVE,8
PAULDING AVE,8
PAWNEE PL,4
PAYSON AVE,8
PEARL ST,229
PEARSON PL,14
PEARSON ST,7
PECK AVE,6
PECK SLIP,587
PELHAM PKWY,2
PELHAM PKWY N,13
PELHAM PKWY S,2
PELL ST,150
PEMBROKE AVE,11
PENELOPE AVE,1
PENFIELD ST,6
PENN PLZ,7506
PENN ST,181
PENNSYLVANIA AVE,3
PEROT ST,3
PERRY AVE,12060
PERRY PL,32
PERRY ST,1664
PERRY TER,22
PERSHING CRES,7
PETER MINUIT PLAZA,465
PETERS PL,6
PETRACCA PL,8
PETTIT AVE,4
PHILIP AVE,28
PHLOX PL,1
PIERREPONT PL,158
PIERREPONT ST,99
PILGRIM AVE,2
PILLING ST,49
PINE PL,3
PINE ST,9
PINEAPPLE,124
PINEAPPLE ST,33
PINEHURST AVE,221
PIONEER ST,318
PITKIN AVE,3
PITMAN AVE,2
PITT ST,241
PLATTWOOD AVE,17
PLAZA DR,1
PLAZA ST,434
PLEASANT AVE,157
PLEASANT PL,28
PLEASANTVIEW ST,25
PLUNKETT AVE,2
PLYMOUTH ST,494
POE PL,13
POLAR ST,3
POLHEMUS AVE,2
POLHEMUS PL,117
POLY PL,27
POND PL,7
PONTIAC PL,6
PONTIAC ST,3
POPHAM AVE,2
POPLAR AVE,12
POPLAR ST,1
POPPENHUSEN AVE,1
PORTAL ST,18
POST AVE,35
POWELL ST,20
POWERS AVE,7
POWERS ST,116
PRESCOTT PL,15
PRESIDENT ST,52
PRESTON CT,29
PRINCE ST,1143
PROSPECT AVE,12
PROSPECT PARK SW,9
PROSPECT PARK W,83
PROSPECT PL,91
PROSPECT ST,1
PROVOST ST,13
PUGSLEY AVE,8
PULASKI ST,253
PURDY PL,7
PURDY ST,1
PURVES ST,124
PUTNAM AVE,54
PUTNAM PL,8907
PYRAMID CT,1
QUAY ST,124
QUEENS BLVD,18
QUEENS MIDTOWN EXPY,1
QUEENS PLZ SOUTH,336
QUEENS ST,237
QUENTIN RD15FT,10
QUIMBY AVE,1
QUINCY ST,88
QUINN ST,1
RADDE PL,5
RADNOR ST,1
RAILROAD AVE,4
RALEIGH PL,37
RALEIGH ST,1
RALPH AVE,24
RANDALL AVE,5
RANDALLS ISLAND,257
RANDOLPH PL,1
RANDOLPH ST,84
RANGE ST,3
RAPELYE ST,26
RAU CT,3
READE ST,264
RECTOR PL,515
RECTOR ST,6
RED HOOK LN,519
REDDING ST,5
REDFERN AVE,1
REED ST,431
REEDER ST,6
REEDS MILL LN,4
REEVE PL,71
REEVES AVE,1
REGENT PL,35
REISS PL,1
REMINGTON ST,2
REMSEN AVE,7
REMSEN PL,4
REMSEN ST,10
RENAISSANCE CT,27
RENE CT,3
RENWICK ST,1205
RESERVOIR AVE,2
RESERVOIR PL,3
REVERE AVE,2
REVERE PL,61
REVIEW AVE,9
REVIEW PL,25
REVILLE ST,4
REWE ST,27
REYNOLDS AVE,2
REYNOLDS ST,318
RHINELANDER AVE,3
RICARD ST,9
RICE AVE,1
RICHARDS ST,7
RICHARDSON ST,110
RICHMAN PLZ,3
RICHMOND ST,5
RICO PL,8
RIDER AVE,33
RIDGE BLVD,47
RIDGE CREST TERR,9
RIDGE CT,8
RIDGE ST,686
RIDGEDALE ST,3
RIDGEWOOD AVE,20
RING PL,1
RITTER PL,9
RIVER AVE,228
RIVER DR,40
RIVER PL,6617
RIVER RD.,8151
RIVER ST,291
RIVER TER,2737
RIVERDALE AVE,2
RIVERSIDE BLVD,1116
RIVERSIDE DR,89
RIVERSIDE DR WEST,189
RIVERTON ST,1
RIVERVIEW TER,972
RIVINGTON ST,1446
ROBARD LN,1
ROBERTS AVE,1
ROBERTSON ST,8
ROBINSON ST,4
ROCHAMBEAU AVE,19
ROCHELLE ST,40
ROCHESTER AVE,33
ROCK ST,61
ROCKAWAY AVE,14
ROCKAWAY BEACH DR,1
ROCKAWAY BLVD,11
ROCKAWAY FWY,4
ROCKAWAY PKWY,16
ROCKEFELLER PLZ,20738
ROCKWELL PL,108
ROCKWOOD ST,3
RODER AVE,31
RODMAN PL,4
RODNEY ST,19
ROEBLING AVE,2
ROEBLING ST,686
ROGERS AVE,44
ROGERS PL,273
ROMAN AVE,6
ROME AVE,1
ROME DR,1
ROOSEVELT AVE,32
ROOSEVELT CT,29
ROOSEVELT PL,7
ROSE AVE,20
ROSELLE ST,1
ROSEWOOD ST,2
ROSS ST,9
ROST PL,2
ROXBURY ST,1
ROYCE PL,4
ROYCE ST,4
RUBY ST,5
RUSCOE ST,1
RUSHMORE AVE,2
RUSSELL ST,414
RUST ST,3
RUTGERS SLIP,75
RUTGERS ST,833
RUTHERFORD PL,73
RUTLAND RD.,21
RUTLEDGE ST,3
RYAN ST,6
RYDER AVE,32
RYDER ST,1
RYER AVE,9
RYERSON ST,199
SACKET AVE,1
SACKETT ST,350
SACKMAN ST,2
SAGAMORE AVE,5
SAGAMORE ST,1
SAGE ST,2
SALERNO AVE,1
SANDERS PL,1
SANDFORD ST,116
SANDS PL,1
SANFORD AVE,14
SAPPHIRE ST,3
SARATOGA AVE,25
SATTERLEE ST,5
SAULL ST,3
SAULTELL AVE,19
SAUNDERS ST,36
SAWYER AVE,6
SAXON AVE,3783
SAYRES AVE,2
SCHAEFER ST,42
SCHENCK AVE,3
SCHENCK PL,17
SCHENCK ST,5
SCHENECTADY AVE,14
SCHERMERHORN ST,250
SCHOLES ST,45
SCHROEDERS AVE,4
SCHUYLER TER,2
SCOTT AVE,3
SCOTT PL,2
SEABRING ST,48
SEABURY ST,2
SEAGIRT AVE,2
SEAGIRT BLVD,2
SEAMAN AVE,13
SEAPORT PLZ,1582
SEAVIEW AVE,36
SEAVIEW CT,30
SEDGWICK AVE,6
SEDGWICK PL,2
SEELEY ST,5
SEIGEL CT,47
SEIGEL ST,62
SELFRIDGE ST,12
SELWYN AVE,3
SEMINOLE AVE,1
SEMINOLE ST,8
SENATOR ST,89
SENECA AVE,106
SETH CT,1
SETON AVE,3
SETON PL,35
SEWARD AVE,1
SEXTON PL,2
SEYMOUR AVE,3
SHAKESPEARE AVE,7
SHALER AVE,5
SHARON ST,56
SHEFFIELD AVE,10
SHERIDAN EXPY,1
SHERIDAN SQUARE,2381
SHERLOCK PL,4
SHERMAN AVE,364
SHERMAN ST,13
SHILOH AVE,1
SHORE AVE,5
SHORE BLVD,20
SHORE CT,8
SHORE FRONT PKWY,8
SHORE PKWY,29
SICKLES ST,3
SIDNEY PL,347
SIDWAY PL,1
SIEGFRIED PL,1
SIMONSON ST,1
SIMPSON ST,1
SKIDMORE AVE,10
SKIDMORE LN,5
SKILLMAN ST,51
SLOAN PL,26
SLOCUM CRESCENT,3
SLOCUM PL,108
SMART ST,4
SMEDLEY ST,3
SMITH ST,440
SMITHS LN,7
SNEDIKER AVE,7
SNYDER AVE,2
SOMERS ST,11
SOMERSET ST,3
SOMMER PL,1
SOUND ST,175
SOUNDVIEW AVE,1
SOUTHERN BLVD,6
SOUTHGATE CT,2
SPENCER CT,288
SPENCER PL,96
SPENCER ST,104
SPOFFORD AVE,1
SPRINGFIELD LN,6
SPRUCE AVE,15
SPRUCE ST,1484
STAFF ST,83
STAGG,68
STAGG ST,54
STANHOPE ST,81
STANLEY AVE,48
STANTON ST,1809
STANWIX ST,43
STAPLE ST,2261
STARLING AVE,2
STARR AVE,1
STARR ST,251
STATE ST,362
STATION SQ,30
STEBBINS AVE,283
STEDMAN PL,1
STEENWICK AVE,1
STEINWAY PL,5
STEINWAY ST,228
STEPHANIE DR,17
STEPHEN ST,15
STEPHENS CT,30
STERLING PL,100
STERLING ST,15
STEWART ST,9
STICKBALL BLVD,2
STICKNEY PL,2
STIER PL,32
STILLWELL AVE,25
STILLWELLS PLACE,8
STOCKHOLM ST,62
STOCKTON ST,159
STODDARD PL,32
STONE AVE,14
STORY AVE,2
STORY CT,8
STORY ST,52
STRANG AVE,6
STRATFORD AVE,1
STRAUSS ST,27
STRICKLAND AVE,4
STRONG PL,152
STRONG ST,1
STRONGHURST AVE,6
STRYKER ST,1
STUART LN,3
STUYVESANT AVE,77
STUYVESANT OVAL,2541
STUYVESANT ST,3925
SUBURBAN PL,1
SUFFOLK ST,713
SULLIVAN PL,53
SULLIVAN ST,232
SUMMER ST,25
SUMMERFIELD ST,16
SUMMIT AVE,2241
SUMMIT CT,2
SUMMIT PL,2
SUMNER PL,1
SUMPTER ST,29
SUNKEN GARDEN LOOP,2
SUNNYSIDE AVE,1
SUNNYSIDE CT,3
SUTTER AVE,2
SUTTON PL,50
SUTTON PL SO,566
SUTTON SQ,839
SUTTON ST,91
SUYDAM PL,2
SUYDAM ST,115
SYCAMORE AVE,95
SYLVAN AVE,9
SYLVAN TER,95
SYLVATON TER,2
SYRINGA PL,12
SZOLD PL,899
TAAFFE PL,149
TAHOE ST,1
TALBOT ST,2
TAMPA CT,12
TAPSCOTT ST,14
TARAS SHEVCHENKO PL,886
TAYLOR AVE,5
TECH PLACE,116
TEHAMA ST,13
TELLER AVE,3
TENBROECK AVE,3
TENNIS CT,61
TERRACE CT,7
TERRACE PL,21
TERRACE ST,37
TERRACE VIEW AVENUE,2
THAMES ST,302
THATFORD AVE,6
THAYER ST,6
THEBES AVE,1
THIERIOT AVE,3
THOMAS PL,1
THOMPSON PL,71
THOMPSON ST,1058
THOMSON AVE,36
THORNTON PL,12
THORNTON ST,31
THROGMORTON AVE,1
THROGS NECK EXPY,1
THROOP AVE,30
THURSBY AVE,4
THURSTON ST,13
TIBBETT AVE,11
TIEBOUT AVE,5
TIEMANN AVE,2
TIEMANN PL,213
TIFFANY PL,88
TIFFANY ST,3
TILDEN AVE,7
TILDEN ST,1
TILLARY ST,159
TILLOTSON AVE,2
TIMES SQUARE,6186
TIMPSON PL,3
TINTON AVE,8
TIOGA DR,2
TOMLINSON AVE,3
TOMPKINS AVE,8
TOMPKINS PL,24
TOMPKINS ST,2
TOPPING AVE,5
TOTTEN ST,16
TOTTENVILLE PL,191
TOWNSEND AVE,954
TOWNSEND ST,4
TRAFALGAR PL,6
TRAFFIC AVE,7
TRATMAN AVE,1
TRIMBLE PL,754
TRINITY AVE,10
TROTTING COURSE LN,8
TROUTMAN ST,256
TROY AVE,11
TRUCKLEMANS LN,36
TRUXTON ST,32
TRYON AVE,8466
TUCKERTON ST,1
TUDOR CITY PL,9280
TUDOR PL,2
TURNER PL,18
TWIN PINES DR,2
TYNDALL AVE,26
ULMER ST,18
UNDERCLIFF AVE,8
UNDERHILL AVE,5490
UNION AVE,2200
UNION PL,1
UNION SQ,522
UNION SQ E,2313
UNION SQ SOUTH,3303
UNION SQ W,2940
UNION ST,124
UNITED NATIONS PLZ,6397
UNIVERSITY AVE,1
UNIVERSITY PLZ,50
UTICA AVE,45
UTOPIA PKWY,5
UXBRIDGE ST,1
VALENTINE AVE,4
VALENTINE PL,9
VALLES AVE,24
VAN BUREN ST.,35
VAN CORTLANDT PARK E,5
VAN CORTLANDT PARK S,13
VAN SICLEN AVENUE,9
VAN SICLEN CT,2
VAN WYCK EXPY,13
VANCE ST,1
VANDALIA AVE,1
VANDAM ST,1757
VANDERBILT AVE,39
VANDERBILT ST,21
VANDERVEER PL,12
VANDERVOORT AVE,3
VANDERVOORT PL,76
VARET ST,16
VARICK ST,977
VERMILYEA AVE,33
VERMONT AVE,73
VERMONT CT,38
VERMONT PL,1
VERMONT ST,8
VERNON AVE,101
VERNON BLVD,171
VERONA PL,125
VERONA ST,3
VERONICA PL,4
VESEY ST,451
VESTRY ST,400
VETERANS AVE,13
VICTORIA DR,8
VIELE AVE,1
VIETOR AVE,4
VILLA AVE,829
VILLAGE CT,4
VIREO AVE,4
VIRGINIA ST,9
VISITATION PL,27
VISTA PL,22
VLEIGH PL,13
VOORHIES AVE,7
VYSE AVE,8
WADE SQ,4
WADSWORTH AVE,7114
WADSWORTH TER,207
WAKEMAN PL,14
WALDO AVE,44
WALDORF CT,89
WALDRON ST,1
WALES AVE,3
WALKER ST,4
WALLABOUT ST,5
WALLASTON CT,22
WALNUT ST,4
WALSH CT,65
WALTHAM ST,4
WALTON AVE,7
WALTON ST,16
WALWORTH ST,23
WANAMAKER PL,2059
WARD AVE,11
WARDS ISLAND,605
WARDS MEADOW LOOP,5
WARREN PL,167
WARREN ST,127
WARSOFF PL,73
WARWICK AVE,101
WARWICK CRES,1
WARWICK ST,10
WASHINGTON,7
WASHINGTON AVE,376
WASHINGTON PARK,74
WASHINGTON PL,4
WASHINGTON SQ E,870
WASHINGTON SQ N,1833
WASHINGTON SQ S,529
WASHINGTON SQ WEST,799
WASHINGTON ST,1195
WASHINGTON TER,102
WATER ST,1
WATERBURY ST,171
WATERFORD CT,1
WATERLOO PL,1
WATERS EDGE DR,11
WATERS PL,2
WATERSIDE PLZ,415
WATKINS ST,11
WATSON AVE,2
WATT AVE,1
WATTS ST,251
WAVERLY AVE,435
WAVERLY PL,2158
WAYNE AVE,42
WEBB AVE,2
WEBSTER AVE,10
WEBSTER PL,35
WEEHAWKEN ST,1486
WEEKS AVE,1
WEEKS LN,1
WEIHER CT,8
WEIRFIELD ST,80
WELDON ST,15
WELLER AVE,2
WELLER LN,3
WELLING CT,38
WELLMAN AVE,5
WELLS ST,6
WENNER PL,1
WEST DR,2
WEST ST,10
WESTBURY CT,32
WESTCHESTER AVE,5
WESTCHESTER SQ,1
WESTERN AVE,483
WESTERVELT AVE,3693
WESTGATE ST,3
WESTSIDE AVE,1
WETHEROLE ST,19
WEXFORD TER,5
WHALEN ST,47
WHARTON PL,1
WHEELER AVE,1213
WHIPPLE ST,41
WHISTLER AVE,3
WHITE AVE,2
WHITE PLAINS RD.,1
WHITEHALL PL,2
WHITEHALL ST,1
WHITEHALL TER,1
WHITELAW ST,1
WHITESTONE EXPY,5
WHITLOCK AVE,17
WHITNEY AVE,35
WHITNEY PL,85
WHITSON ST,2
WHITTY LN,1
WICKHAM AVE,5
WICKLOW PL,4
WILCOX AVE,1
WILD AVE,2
WILDER AVE,3
WILKINS AVE,1
WILKINSON AVE,3
WILLETT AVE,2
WILLIAM CT,3
WILLIAMS AVE,2
WILLIAMS CT,26
WILLIAMS PL,17
WILLIAMSON AVE,1
WILLIS AVE,585
WILLMOHR ST,21
WILLOUGHBY AVE,97
WILLOUGHBY ST,453
WILLOW LN,78
WILLOW PL,29
WILLOW ST,127
WILLS PL,1
WILSON AVE,394
WILSON ST,20
WINANT PL,65
WINCHESTER BLVD,1
WINDSOR PL,93
WINFIELD AVE,1
WINTER ST,9
WINTERS ST,1
WINTHROP ST,28
WITHERS ST,227
WITTHOFF ST,1
WOGAN TER,22
WOLCOTT ST,52
WOLF PL,1
WOODBINE ST,33
WOODHAVEN CT,13
WOODHULL AVE,1
WOODHULL ST,24
WOODMANSTEN PL,2
WOODROW CT,10
WOODRUFF AVE,59
WOODS PL,3
WOODSIDE AVE,14
WOODWARD AVE,63
WOODYCREST AVE,16
WOOSTER ST,2428
WORLDS FAIR MARINA,6
WORTH ST,1043
WORTMAN AVE,10
WREN PL,3
WRIGHT AVE,250
WRIGHT ST,1
WYATT ST,3
WYCKOFF AVE,50
WYCKOFF ST,146
WYONA ST,5
WYTHE AVE,958
WYTHE PL,11
XENIA ST,38
YELLOWSTONE BLVD,17
YORK AVE,3562
YORK ST,617
YOUNG AVE,2
YZNAGA PL,3
ZEREGA AVE,2
ZION ST,4
ZULETTE AVE,1
